station_name,min_lon,min_lat,max_lon,max_lat
DMP_WS01,-139.55002268831726,64.42037405658871,-137.01060731168275,65.49668480032001
DMP_WS02,-139.53740479854838,64.51163286739092,-136.9893130014516,65.58793035467123
